,total_time,avg_time,type
0,2010885.992,0.24564964050786936,rnd
1,2014119.5810000007,0.24604465543092532,orig
2,1889540.067000001,0.23082603391260523,model40
