,total_time,avg_time,type
0,2009773.1490000011,0.24551369571339726,rnd
1,2014119.5810000007,0.24604465543092532,orig
2,1889540.067000001,0.23082603391260523,model40
