,total_time,avg_time,type
0,1884878.5070000016,0.23025657818873027,model80
